IdOffre,IdDemande,prix,delai_propose,statut
O201,D101,61976,20 jours,Refuse
O202,D102,48868,20 jours,Refuse
O203,D103,17913,30 jours,Accepte
O204,D104,37207,20 jours,Accepte
O205,D105,46268,20 jours,Accepte
O206,D106,70665,40 jours,Accepte
O207,D107,16551,45 jours,Accepte
O208,D108,60964,20 jours,Accepte
O209,D109,41913,15 jours,Accepte
O210,D110,21758,15 jours,Accepte
O211,D111,48910,30 jours,Accepte
O212,D112,62914,35 jours,Accepte
O213,D113,23510,20 jours,Accepte
O214,D114,44281,35 jours,Accepte
O215,D115,71478,20 jours,Accepte
O216,D116,12465,40 jours,Accepte
O217,D117,42760,40 jours,Accepte
O218,D118,51103,30 jours,En attente
O219,D119,10299,40 jours,Accepte
O220,D120,17700,40 jours,Accepte
O221,D121,50561,30 jours,En attente
O222,D122,74669,40 jours,Refuse
O223,D123,40422,45 jours,Accepte
O224,D124,28115,15 jours,Accepte
O225,D125,62206,20 jours,Accepte
O226,D126,73476,35 jours,Accepte
O227,D127,20470,45 jours,Accepte
O228,D128,13540,45 jours,En attente
O229,D129,23735,35 jours,Accepte
O230,D130,50423,35 jours,Accepte
O231,D131,58523,15 jours,Accepte
O232,D132,21526,20 jours,En attente
O233,D133,41788,40 jours,Refuse
O234,D134,68659,20 jours,Accepte
O235,D135,48843,40 jours,Accepte
O236,D136,23025,45 jours,Accepte
O237,D137,31344,20 jours,Accepte
O238,D138,31373,20 jours,Refuse
O239,D139,58349,35 jours,Accepte
O240,D140,34610,20 jours,Refuse
O241,D141,48344,35 jours,Accepte
O242,D142,38564,20 jours,Accepte
O243,D143,49939,35 jours,Accepte
O244,D144,34476,20 jours,Accepte
O245,D145,22724,45 jours,Accepte
O246,D146,27674,20 jours,Accepte
O247,D147,12103,45 jours,Accepte
O248,D148,28389,20 jours,Accepte
O249,D149,40509,35 jours,Accepte
O250,D150,59829,30 jours,Accepte
O251,D151,29343,40 jours,Accepte
O252,D152,62072,45 jours,Accepte
O253,D153,69347,20 jours,En attente
O254,D154,46225,20 jours,Accepte
O255,D155,66162,40 jours,Accepte
O256,D156,24184,40 jours,Accepte
O257,D157,40327,30 jours,Accepte
O258,D158,38056,45 jours,Accepte
O259,D159,26241,30 jours,Refuse
O260,D160,24575,40 jours,Accepte
O261,D161,69883,40 jours,En attente
O262,D162,37379,15 jours,Refuse
O263,D163,40844,45 jours,Accepte
O264,D164,12203,35 jours,Refuse
O265,D165,41409,45 jours,Accepte
O266,D166,39651,35 jours,Refuse
O267,D167,46601,15 jours,Accepte
O268,D168,36648,20 jours,Accepte
O269,D169,29384,20 jours,Accepte
O270,D170,15946,15 jours,Accepte
O271,D171,29977,20 jours,Accepte
O272,D172,66224,40 jours,Accepte
O273,D173,11599,35 jours,Accepte
O274,D174,19084,45 jours,Accepte
O275,D175,61764,30 jours,Accepte
O276,D176,56130,45 jours,Accepte
O277,D177,51111,15 jours,Accepte
O278,D178,55269,30 jours,Accepte
O279,D179,29437,35 jours,Accepte
O280,D180,55747,40 jours,Refuse
O281,D181,62066,20 jours,Accepte
O282,D182,15305,40 jours,Refuse
O283,D183,58218,15 jours,Refuse
O284,D184,69638,45 jours,Accepte
O285,D185,13379,15 jours,Accepte
O286,D186,40497,40 jours,Accepte
O287,D187,34014,20 jours,Accepte
O288,D188,56194,15 jours,Accepte
O289,D189,60697,20 jours,Accepte
O290,D190,31949,20 jours,Accepte
O291,D191,52535,35 jours,Accepte
O292,D192,59301,40 jours,Accepte
O293,D193,56061,20 jours,Refuse
O294,D194,59865,20 jours,Refuse
O295,D195,68846,30 jours,Accepte
O296,D196,37717,30 jours,Accepte
O297,D197,34432,30 jours,Accepte
O298,D198,42863,40 jours,Accepte
O299,D199,40812,45 jours,Refuse
O300,D200,64092,40 jours,Accepte
O301,D201,39620,40 jours,Refuse
O302,D202,54125,45 jours,Accepte
O303,D203,71661,15 jours,Refuse
O304,D204,67932,35 jours,Accepte
O305,D205,35603,20 jours,Accepte
O306,D206,72693,15 jours,Accepte
O307,D207,28084,15 jours,Accepte
O308,D208,42527,20 jours,Accepte
O309,D209,44123,45 jours,Refuse
O310,D210,37298,45 jours,Accepte
O311,D211,18652,35 jours,Accepte
O312,D212,39088,45 jours,Accepte
O313,D213,29104,20 jours,Accepte
O314,D214,67133,20 jours,Accepte
O315,D215,44053,45 jours,Refuse
O316,D216,47925,30 jours,Accepte
O317,D217,61565,30 jours,Accepte
O318,D218,53637,45 jours,Accepte
O319,D219,45944,35 jours,Accepte
O320,D220,47175,20 jours,Accepte
O321,D221,30086,20 jours,Refuse
O322,D222,24862,35 jours,Refuse
O323,D223,28883,15 jours,Accepte
O324,D224,28637,35 jours,Accepte
O325,D225,50542,20 jours,En attente
O326,D226,28693,20 jours,Accepte
O327,D227,65006,45 jours,En attente
O328,D228,53670,20 jours,Accepte
O329,D229,17662,15 jours,Accepte
O330,D230,47652,20 jours,En attente
O331,D231,34226,20 jours,Accepte
O332,D232,56342,15 jours,Accepte
O333,D233,74095,30 jours,Accepte
O334,D234,39388,40 jours,Accepte
O335,D235,44972,30 jours,En attente
O336,D236,11633,35 jours,Accepte
O337,D237,60365,20 jours,En attente
O338,D238,70805,30 jours,En attente
O339,D239,73579,45 jours,Accepte
O340,D240,43253,30 jours,Accepte
O341,D241,29369,35 jours,Accepte
O342,D242,73544,40 jours,Refuse
O343,D243,62401,40 jours,Accepte
O344,D244,70443,35 jours,Accepte
O345,D245,17360,45 jours,Accepte
O346,D246,12626,20 jours,Accepte
O347,D247,17659,30 jours,Accepte
O348,D248,50469,20 jours,Accepte
O349,D249,16060,30 jours,Accepte
O350,D250,52029,20 jours,Accepte
O351,D251,24558,30 jours,Accepte
O352,D252,15478,40 jours,Accepte
O353,D253,54372,45 jours,Refuse
O354,D254,73952,40 jours,En attente
O355,D255,42143,30 jours,Accepte
O356,D256,43525,15 jours,Accepte
O357,D257,33662,35 jours,En attente
O358,D258,65954,35 jours,Accepte
O359,D259,34433,15 jours,Accepte
O360,D260,33026,30 jours,Accepte
O361,D261,67298,40 jours,En attente
O362,D262,57700,35 jours,Accepte
O363,D263,37237,35 jours,Accepte
O364,D264,62800,45 jours,Accepte
O365,D265,37776,45 jours,En attente
O366,D266,19146,40 jours,Refuse
O367,D267,19413,20 jours,Accepte
O368,D268,74774,40 jours,Accepte
O369,D269,14332,40 jours,En attente
O370,D270,15796,15 jours,Refuse
O371,D271,69926,30 jours,Accepte
O372,D272,46425,35 jours,Accepte
O373,D273,59495,20 jours,Accepte
O374,D274,64544,35 jours,Accepte
O375,D275,42151,15 jours,Accepte
O376,D276,29791,40 jours,Refuse
O377,D277,46653,45 jours,Accepte
O378,D278,11758,15 jours,Accepte
O379,D279,29671,45 jours,Accepte
O380,D280,40968,15 jours,Refuse
O381,D281,68503,30 jours,Accepte
O382,D282,42236,45 jours,Accepte
O383,D283,11864,15 jours,Accepte
O384,D284,42312,15 jours,Refuse
O385,D285,33708,40 jours,Accepte
O386,D286,38578,30 jours,Accepte
O387,D287,41197,45 jours,Accepte
O388,D288,34458,40 jours,Refuse
O389,D289,11149,30 jours,Accepte
O390,D290,13834,20 jours,Accepte
O391,D291,67561,45 jours,Accepte
O392,D292,20702,15 jours,Accepte
O393,D293,37493,45 jours,Accepte
O394,D294,33329,15 jours,En attente
O395,D295,44708,45 jours,Accepte
O396,D296,43676,20 jours,En attente
O397,D297,22009,15 jours,Refuse
O398,D298,20953,40 jours,Accepte
O399,D299,30723,45 jours,Accepte
O400,D300,27790,45 jours,Refuse
O401,D301,33758,15 jours,Accepte
O402,D302,33044,20 jours,Accepte
O403,D303,43958,30 jours,Accepte
O404,D304,41778,35 jours,Accepte
O405,D305,69689,20 jours,Accepte
O406,D306,20128,40 jours,Accepte
O407,D307,22348,40 jours,Accepte
O408,D308,64487,40 jours,Accepte
O409,D309,56697,40 jours,Refuse
O410,D310,62597,15 jours,Accepte
O411,D311,70033,15 jours,Accepte
O412,D312,18600,15 jours,Accepte
O413,D313,30419,45 jours,Accepte
O414,D314,63545,35 jours,Accepte
O415,D315,49167,40 jours,Refuse
O416,D316,32416,20 jours,Refuse
O417,D317,11884,45 jours,Accepte
O418,D318,24572,20 jours,Refuse
O419,D319,19329,45 jours,Refuse
O420,D320,18214,20 jours,Accepte
O421,D321,15151,35 jours,Accepte
O422,D322,61382,15 jours,Accepte
O423,D323,60770,35 jours,Accepte
O424,D324,12786,20 jours,Refuse
O425,D325,61973,45 jours,Accepte
O426,D326,13884,35 jours,Accepte
O427,D327,26581,15 jours,Accepte
O428,D328,53750,15 jours,Accepte
O429,D329,61273,15 jours,Refuse
O430,D330,23461,40 jours,En attente
O431,D331,22109,45 jours,En attente
O432,D332,15949,20 jours,Accepte
O433,D333,71724,30 jours,Refuse
O434,D334,32795,30 jours,En attente
O435,D335,42809,45 jours,Accepte
O436,D336,43089,40 jours,Accepte
O437,D337,63712,40 jours,Accepte
O438,D338,44657,20 jours,Refuse
O439,D339,73193,30 jours,Accepte
O440,D340,59415,40 jours,Accepte
O441,D341,57536,15 jours,Accepte
O442,D342,70324,40 jours,En attente
O443,D343,41110,30 jours,Refuse
O444,D344,22132,35 jours,Accepte
O445,D345,17033,20 jours,Accepte
O446,D346,74310,35 jours,Refuse
O447,D347,43701,20 jours,Accepte
O448,D348,59899,30 jours,Accepte
O449,D349,17229,40 jours,Accepte
O450,D350,59956,30 jours,Accepte
O451,D351,46512,45 jours,Accepte
O452,D352,31503,35 jours,Accepte
O453,D353,28586,35 jours,Accepte
O454,D354,30447,45 jours,Accepte
O455,D355,39095,20 jours,En attente
O456,D356,29044,35 jours,Accepte
O457,D357,14561,35 jours,Accepte
O458,D358,34080,20 jours,En attente
O459,D359,54181,35 jours,Accepte
O460,D360,35976,35 jours,Accepte
O461,D361,54336,15 jours,Accepte
O462,D362,35874,35 jours,Accepte
O463,D363,74066,15 jours,Accepte
O464,D364,68486,20 jours,Accepte
O465,D365,73911,20 jours,Accepte
O466,D366,48991,35 jours,Accepte
O467,D367,64926,35 jours,Accepte
O468,D368,28252,45 jours,Accepte
O469,D369,48905,30 jours,Refuse
O470,D370,62493,45 jours,Refuse
O471,D371,33337,35 jours,En attente
O472,D372,72268,35 jours,Accepte
O473,D373,43516,30 jours,En attente
O474,D374,39794,15 jours,Accepte
O475,D375,42069,35 jours,Accepte
O476,D376,71761,20 jours,Accepte
O477,D377,58352,15 jours,Accepte
O478,D378,42645,45 jours,Refuse
O479,D379,21737,35 jours,Accepte
O480,D380,31427,20 jours,Accepte
O481,D381,50844,15 jours,Accepte
O482,D382,53324,40 jours,Refuse
O483,D383,61952,35 jours,Refuse
O484,D384,53390,35 jours,Accepte
O485,D385,27148,40 jours,Accepte
O486,D386,66339,40 jours,Accepte
O487,D387,72428,15 jours,Accepte
O488,D388,67679,15 jours,En attente
O489,D389,30614,35 jours,Accepte
O490,D390,12358,15 jours,Accepte
O491,D391,53215,30 jours,Accepte
O492,D392,20757,35 jours,Refuse
O493,D393,30477,45 jours,Accepte
O494,D394,60070,15 jours,Accepte
O495,D395,42148,45 jours,Accepte
O496,D396,45349,40 jours,Accepte
O497,D397,46847,20 jours,Accepte
O498,D398,35649,30 jours,Accepte
O499,D399,73626,35 jours,Accepte
O500,D400,33118,30 jours,Accepte
O501,D401,11844,40 jours,Accepte
O502,D402,64849,30 jours,Accepte
O503,D403,58631,40 jours,Accepte
O504,D404,68415,45 jours,Accepte
O505,D405,16379,35 jours,Accepte
O506,D406,33420,35 jours,Accepte
O507,D407,53335,20 jours,Accepte
O508,D408,52472,30 jours,Accepte
O509,D409,69663,45 jours,Accepte
O510,D410,29982,15 jours,Accepte
O511,D411,11291,40 jours,Accepte
O512,D412,40206,45 jours,Accepte
O513,D413,47227,40 jours,Refuse
O514,D414,27473,15 jours,En attente
O515,D415,48534,15 jours,Accepte
O516,D416,34755,40 jours,En attente
O517,D417,47521,15 jours,Accepte
O518,D418,16557,45 jours,Refuse
O519,D419,32017,35 jours,Accepte
O520,D420,60128,45 jours,Accepte
O521,D421,50293,30 jours,Accepte
O522,D422,38573,20 jours,Accepte
O523,D423,65530,15 jours,Accepte
O524,D424,45116,20 jours,Refuse
O525,D425,13115,30 jours,Accepte
O526,D426,36347,20 jours,En attente
O527,D427,72779,15 jours,Accepte
O528,D428,47892,15 jours,Accepte
O529,D429,27915,15 jours,Accepte
O530,D430,44803,35 jours,Accepte
O531,D431,32761,15 jours,Accepte
O532,D432,29781,40 jours,Accepte
O533,D433,38371,45 jours,Refuse
O534,D434,23112,35 jours,Accepte
O535,D435,50957,40 jours,Accepte
O536,D436,60032,40 jours,Accepte
O537,D437,11219,45 jours,Accepte
O538,D438,66538,20 jours,Accepte
O539,D439,23956,45 jours,Accepte
O540,D440,58641,35 jours,En attente
O541,D441,51807,40 jours,Accepte
O542,D442,65887,35 jours,Refuse
O543,D443,57619,45 jours,En attente
O544,D444,23149,30 jours,Accepte
O545,D445,25753,20 jours,Accepte
O546,D446,60169,30 jours,Accepte
O547,D447,36886,30 jours,Refuse
O548,D448,69712,15 jours,Refuse
O549,D449,65441,35 jours,Accepte
O550,D450,28811,45 jours,Accepte
O551,D451,55013,40 jours,Accepte
O552,D452,25629,15 jours,Accepte
O553,D453,11815,20 jours,Accepte
O554,D454,30351,35 jours,Refuse
O555,D455,74965,35 jours,Accepte
O556,D456,69353,15 jours,Accepte
O557,D457,27872,20 jours,Accepte
O558,D458,61751,30 jours,Accepte
O559,D459,21533,45 jours,Accepte
O560,D460,73162,45 jours,Refuse
O561,D461,11304,15 jours,Accepte
O562,D462,15500,30 jours,Refuse
O563,D463,66830,15 jours,Accepte
O564,D464,36673,30 jours,En attente
O565,D465,68046,15 jours,Accepte
O566,D466,65037,45 jours,Accepte
O567,D467,25469,15 jours,Refuse
O568,D468,42784,15 jours,Accepte
O569,D469,64328,40 jours,Accepte
O570,D470,71050,40 jours,En attente
O571,D471,67970,15 jours,Accepte
O572,D472,18013,30 jours,Accepte
O573,D473,48294,45 jours,Accepte
O574,D474,59045,45 jours,Accepte
O575,D475,37713,20 jours,Accepte
O576,D476,21478,20 jours,Accepte
O577,D477,38801,35 jours,En attente
O578,D478,48632,15 jours,Accepte
O579,D479,34556,45 jours,Accepte
O580,D480,30741,40 jours,En attente
O581,D481,54743,20 jours,Accepte
O582,D482,67634,20 jours,En attente
O583,D483,56902,30 jours,Accepte
O584,D484,11381,45 jours,Refuse
O585,D485,49702,15 jours,En attente
O586,D486,53399,15 jours,Refuse
O587,D487,61694,45 jours,Accepte
O588,D488,46223,35 jours,Accepte
O589,D489,72815,45 jours,Accepte
O590,D490,63231,45 jours,Accepte
O591,D491,66816,20 jours,Accepte
O592,D492,35458,15 jours,Refuse
O593,D493,35754,30 jours,En attente
O594,D494,71362,20 jours,Accepte
O595,D495,66322,20 jours,Accepte
O596,D496,51376,30 jours,En attente
O597,D497,60249,45 jours,Refuse
O598,D498,12220,30 jours,Accepte
O599,D499,63949,35 jours,Refuse
O600,D500,37063,30 jours,Accepte
O601,D501,67459,15 jours,Accepte
O602,D502,55775,30 jours,Refuse
O603,D503,33059,35 jours,Accepte
O604,D504,63308,40 jours,Accepte
O605,D505,39704,45 jours,Accepte
O606,D506,13414,45 jours,Accepte
O607,D507,51297,35 jours,Accepte
O608,D508,18918,15 jours,Refuse
O609,D509,51176,30 jours,Accepte
O610,D510,15389,15 jours,Accepte
O611,D511,43840,45 jours,Accepte
O612,D512,64435,45 jours,En attente
O613,D513,65506,40 jours,Refuse
O614,D514,61946,30 jours,Accepte
O615,D515,67246,45 jours,Accepte
O616,D516,21369,45 jours,Accepte
O617,D517,31468,30 jours,Accepte
O618,D518,37164,30 jours,Accepte
O619,D519,67435,35 jours,Accepte
O620,D520,67956,40 jours,En attente
O621,D521,72135,15 jours,Accepte
O622,D522,52408,40 jours,En attente
O623,D523,69430,15 jours,Accepte
O624,D524,22993,30 jours,En attente
O625,D525,21059,15 jours,Accepte
O626,D526,38108,40 jours,Accepte
O627,D527,15836,30 jours,Accepte
O628,D528,47174,15 jours,Accepte
O629,D529,44461,35 jours,Accepte
O630,D530,70836,35 jours,Refuse
O631,D531,42384,15 jours,Refuse
O632,D532,23313,20 jours,Accepte
O633,D533,63307,30 jours,En attente
O634,D534,42385,35 jours,Accepte
O635,D535,66120,20 jours,Accepte
O636,D536,64007,30 jours,Accepte
O637,D537,22410,35 jours,Accepte
O638,D538,61934,20 jours,Accepte
O639,D539,73971,30 jours,Accepte
O640,D540,39555,20 jours,Accepte
O641,D541,54844,45 jours,Accepte
O642,D542,10676,35 jours,Accepte
O643,D543,31184,45 jours,Accepte
O644,D544,23907,45 jours,Accepte
O645,D545,37740,45 jours,Accepte
O646,D546,14787,15 jours,Accepte
O647,D547,13415,30 jours,Accepte
O648,D548,40863,30 jours,En attente
O649,D549,71559,45 jours,En attente
O650,D550,49205,45 jours,En attente
O651,D551,12982,15 jours,Accepte
O652,D552,50609,35 jours,Accepte
O653,D553,35866,45 jours,Accepte
O654,D554,73442,40 jours,Accepte
O655,D555,21755,30 jours,Accepte
O656,D556,42298,30 jours,Accepte
O657,D557,18645,15 jours,Refuse
O658,D558,44761,35 jours,Accepte
O659,D559,17657,30 jours,Accepte
O660,D560,18380,35 jours,Accepte
O661,D561,64709,30 jours,Refuse
O662,D562,70701,35 jours,Accepte
O663,D563,67470,30 jours,Accepte
O664,D564,59909,30 jours,Accepte
O665,D565,38558,20 jours,Accepte
O666,D566,42196,20 jours,Accepte
O667,D567,70480,45 jours,Accepte
O668,D568,38835,15 jours,Accepte
O669,D569,13576,20 jours,Accepte
O670,D570,40818,30 jours,Accepte
O671,D571,40614,35 jours,Accepte
O672,D572,68666,35 jours,Accepte
O673,D573,33364,45 jours,Accepte
O674,D574,39999,35 jours,Accepte
O675,D575,57170,20 jours,Accepte
O676,D576,16132,20 jours,Accepte
O677,D577,21839,20 jours,Refuse
O678,D578,63908,30 jours,Accepte
O679,D579,53459,40 jours,Accepte
O680,D580,73676,15 jours,Accepte
O681,D581,47407,20 jours,Accepte
O682,D582,15035,20 jours,Accepte
O683,D583,54361,15 jours,Refuse
O684,D584,11701,30 jours,Refuse
O685,D585,54606,15 jours,Accepte
O686,D586,48688,15 jours,Accepte
O687,D587,20077,15 jours,Refuse
O688,D588,64440,45 jours,Accepte
O689,D589,39756,45 jours,Accepte
O690,D590,48941,45 jours,En attente
O691,D591,73554,15 jours,Accepte
O692,D592,72317,35 jours,Accepte
O693,D593,57942,45 jours,Accepte
O694,D594,62234,40 jours,En attente
O695,D595,66575,15 jours,Accepte
O696,D596,28543,30 jours,Refuse
O697,D597,58745,15 jours,Refuse
O698,D598,49471,35 jours,Accepte
O699,D599,26722,20 jours,Accepte
O700,D600,60520,35 jours,Accepte
O701,D601,65859,20 jours,Accepte
O702,D602,61084,35 jours,Accepte
O703,D603,59319,45 jours,Accepte
O704,D604,29565,35 jours,Accepte
O705,D605,58227,30 jours,Refuse
O706,D606,49551,20 jours,En attente
O707,D607,16298,30 jours,Accepte
O708,D608,42087,35 jours,Accepte
O709,D609,41223,30 jours,Refuse
O710,D610,37726,15 jours,Accepte
O711,D611,63149,30 jours,Refuse
O712,D612,38449,45 jours,Accepte
O713,D613,12650,40 jours,Accepte
O714,D614,40377,45 jours,Accepte
O715,D615,54973,45 jours,Accepte
O716,D616,42461,40 jours,Accepte
O717,D617,44385,15 jours,Accepte
O718,D618,38662,15 jours,Accepte
O719,D619,41300,30 jours,En attente
O720,D620,18374,45 jours,Accepte
O721,D621,65151,20 jours,En attente
O722,D622,29364,40 jours,Accepte
O723,D623,15015,15 jours,Accepte
O724,D624,43466,35 jours,Accepte
O725,D625,40451,45 jours,Accepte
O726,D626,63269,30 jours,Accepte
O727,D627,48375,15 jours,Accepte
O728,D628,11066,15 jours,Refuse
O729,D629,40335,20 jours,Accepte
O730,D630,65240,35 jours,Refuse
O731,D631,37279,45 jours,Accepte
O732,D632,48483,45 jours,Accepte
O733,D633,53926,35 jours,Accepte
O734,D634,27371,30 jours,Accepte
O735,D635,67104,20 jours,En attente
O736,D636,15126,45 jours,Accepte
O737,D637,26994,45 jours,En attente
O738,D638,45020,15 jours,Accepte
O739,D639,17646,15 jours,Accepte
O740,D640,41268,35 jours,Accepte
O741,D641,66936,45 jours,Accepte
O742,D642,49445,45 jours,En attente
O743,D643,50533,40 jours,Accepte
O744,D644,54158,45 jours,Accepte
O745,D645,62732,30 jours,Accepte
O746,D646,18854,15 jours,Accepte
O747,D647,63475,15 jours,Accepte
O748,D648,22335,15 jours,Accepte
O749,D649,52508,20 jours,Accepte
O750,D650,38559,45 jours,Accepte
O751,D651,45296,20 jours,Refuse
O752,D652,60444,35 jours,Accepte
O753,D653,37648,15 jours,Accepte
O754,D654,69140,20 jours,Accepte
O755,D655,39180,35 jours,Accepte
O756,D656,66347,35 jours,Accepte
O757,D657,23194,30 jours,Accepte
O758,D658,64646,35 jours,Accepte
O759,D659,10516,15 jours,Accepte
O760,D660,56733,35 jours,Accepte
O761,D661,65614,35 jours,En attente
O762,D662,49048,45 jours,Accepte
O763,D663,29056,15 jours,Accepte
O764,D664,41857,40 jours,Accepte
O765,D665,50074,45 jours,Accepte
O766,D666,66861,35 jours,En attente
O767,D667,13978,40 jours,Accepte
O768,D668,47775,30 jours,Accepte
O769,D669,27553,45 jours,Accepte
O770,D670,41020,15 jours,Accepte
O771,D671,71535,45 jours,Accepte
O772,D672,55712,35 jours,Accepte
O773,D673,28875,45 jours,Accepte
O774,D674,32534,35 jours,Accepte
O775,D675,24398,40 jours,Accepte
O776,D676,32226,40 jours,En attente
O777,D677,56871,45 jours,Refuse
O778,D678,67879,30 jours,Accepte
O779,D679,35583,35 jours,Accepte
O780,D680,54112,45 jours,Refuse
O781,D681,62164,35 jours,Accepte
O782,D682,65347,20 jours,Refuse
O783,D683,28511,45 jours,Accepte
O784,D684,53716,35 jours,Accepte
O785,D685,23073,20 jours,Accepte
O786,D686,16612,35 jours,Accepte
O787,D687,42356,30 jours,En attente
O788,D688,46492,15 jours,Accepte
O789,D689,33513,30 jours,En attente
O790,D690,20394,20 jours,Accepte
O791,D691,68619,40 jours,Refuse
O792,D692,14172,30 jours,Accepte
O793,D693,50472,20 jours,Accepte
O794,D694,24686,35 jours,Accepte
O795,D695,32303,30 jours,Accepte
O796,D696,60468,40 jours,Refuse
O797,D697,19907,45 jours,Accepte
O798,D698,49602,45 jours,Refuse
O799,D699,13304,35 jours,Accepte
O800,D700,73088,15 jours,Refuse
O801,D701,61226,40 jours,En attente
O802,D702,66255,15 jours,Accepte
O803,D703,12750,40 jours,Refuse
O804,D704,51282,15 jours,Accepte
O805,D705,69702,30 jours,Refuse
O806,D706,29144,45 jours,Accepte
O807,D707,43154,35 jours,Accepte
O808,D708,16507,20 jours,Accepte
O809,D709,31928,20 jours,Accepte
O810,D710,23231,35 jours,Accepte
O811,D711,60411,15 jours,En attente
O812,D712,63028,35 jours,Accepte
O813,D713,43097,20 jours,Accepte
O814,D714,34407,45 jours,Accepte
O815,D715,33635,45 jours,Refuse
O816,D716,19935,40 jours,Accepte
O817,D717,24954,20 jours,Accepte
O818,D718,37093,35 jours,Refuse
O819,D719,72379,40 jours,Refuse
O820,D720,33709,15 jours,Refuse
O821,D721,60472,15 jours,Accepte
O822,D722,43904,15 jours,Accepte
O823,D723,30631,35 jours,Accepte
O824,D724,20769,35 jours,En attente
O825,D725,59754,15 jours,Accepte
O826,D726,52039,20 jours,Accepte
O827,D727,13788,45 jours,En attente
O828,D728,62367,45 jours,En attente
O829,D729,73744,30 jours,Refuse
O830,D730,68050,45 jours,Accepte
O831,D731,67248,30 jours,Accepte
O832,D732,30558,30 jours,Accepte
O833,D733,28335,40 jours,Accepte
O834,D734,19624,45 jours,Accepte
O835,D735,52197,20 jours,Accepte
O836,D736,50918,40 jours,Refuse
O837,D737,55709,30 jours,Accepte
O838,D738,61220,45 jours,Refuse
O839,D739,22929,30 jours,Accepte
O840,D740,45221,30 jours,Accepte
O841,D741,57112,45 jours,Accepte
O842,D742,44109,40 jours,Refuse
O843,D743,16083,40 jours,Accepte
O844,D744,44166,30 jours,Accepte
O845,D745,20487,15 jours,Refuse
O846,D746,62205,40 jours,Accepte
O847,D747,25816,30 jours,Accepte
O848,D748,74681,40 jours,Accepte
O849,D749,13928,30 jours,Accepte
O850,D750,43259,30 jours,Accepte
O851,D751,59581,45 jours,Accepte
O852,D752,39408,30 jours,En attente
O853,D753,10341,35 jours,Accepte
O854,D754,25472,45 jours,Accepte
O855,D755,47066,45 jours,En attente
O856,D756,51139,45 jours,Refuse
O857,D757,49029,20 jours,Accepte
O858,D758,28647,45 jours,Accepte
O859,D759,56848,40 jours,Refuse
O860,D760,56815,35 jours,Accepte
O861,D761,26228,15 jours,Accepte
O862,D762,48166,20 jours,Accepte
O863,D763,33676,35 jours,Refuse
O864,D764,56638,35 jours,Accepte
O865,D765,15370,15 jours,Refuse
O866,D766,68229,20 jours,Accepte
O867,D767,39239,15 jours,Accepte
O868,D768,44488,35 jours,Accepte
O869,D769,44009,35 jours,Accepte
O870,D770,48292,35 jours,Refuse
O871,D771,38841,45 jours,Accepte
O872,D772,42082,45 jours,En attente
O873,D773,63989,20 jours,En attente
O874,D774,18331,35 jours,Accepte
O875,D775,18479,45 jours,Accepte
O876,D776,44677,15 jours,Accepte
O877,D777,39847,35 jours,Accepte
O878,D778,20278,40 jours,Accepte
O879,D779,72378,15 jours,Accepte
O880,D780,36779,15 jours,Accepte
O881,D781,47471,30 jours,Accepte
O882,D782,20046,15 jours,Accepte
O883,D783,74947,30 jours,Accepte
O884,D784,41845,15 jours,Accepte
O885,D785,19315,40 jours,Refuse
O886,D786,71395,30 jours,Accepte
O887,D787,24128,20 jours,Refuse
O888,D788,42033,15 jours,Refuse
O889,D789,32849,15 jours,Accepte
O890,D790,37366,35 jours,Refuse
O891,D791,47077,35 jours,Accepte
O892,D792,61206,35 jours,En attente
O893,D793,57188,40 jours,Accepte
O894,D794,19078,40 jours,Accepte
O895,D795,59917,35 jours,Accepte
O896,D796,19763,45 jours,Accepte
O897,D797,62416,40 jours,Accepte
O898,D798,36845,35 jours,Accepte
O899,D799,35912,30 jours,Accepte
O900,D800,72788,45 jours,Accepte
O901,D801,58228,30 jours,Refuse
O902,D802,66751,20 jours,Accepte
O903,D803,47486,45 jours,Accepte
O904,D804,56360,30 jours,Refuse
O905,D805,18112,45 jours,Accepte
O906,D806,22610,40 jours,Accepte
O907,D807,59651,15 jours,Accepte
O908,D808,44193,20 jours,En attente
O909,D809,42940,15 jours,Refuse
O910,D810,71353,40 jours,Accepte
O911,D811,11243,30 jours,Accepte
O912,D812,26075,45 jours,Refuse
O913,D813,47981,35 jours,Refuse
O914,D814,44966,40 jours,Accepte
O915,D815,48593,15 jours,Accepte
O916,D816,71200,15 jours,Accepte
O917,D817,21829,35 jours,Accepte
O918,D818,44596,30 jours,Accepte
O919,D819,15965,15 jours,Accepte
O920,D820,45506,20 jours,En attente
O921,D821,21971,30 jours,Accepte
O922,D822,20107,30 jours,Refuse
O923,D823,54473,20 jours,En attente
O924,D824,72988,30 jours,Accepte
O925,D825,56746,15 jours,Accepte
O926,D826,16471,30 jours,Accepte
O927,D827,68524,30 jours,Accepte
O928,D828,71707,15 jours,Accepte
O929,D829,25703,40 jours,Accepte
O930,D830,42307,40 jours,Accepte
O931,D831,35234,15 jours,Refuse
O932,D832,30862,35 jours,Accepte
O933,D833,14289,35 jours,Accepte
O934,D834,51519,20 jours,Accepte
O935,D835,11220,30 jours,En attente
O936,D836,48415,45 jours,Accepte
O937,D837,60002,40 jours,Accepte
O938,D838,18229,30 jours,Accepte
O939,D839,39227,15 jours,Accepte
O940,D840,42796,20 jours,Refuse
O941,D841,19330,30 jours,Refuse
O942,D842,21022,20 jours,Accepte
O943,D843,37771,40 jours,Accepte
O944,D844,10065,35 jours,Accepte
O945,D845,50680,30 jours,En attente
O946,D846,20969,15 jours,Accepte
O947,D847,70411,35 jours,Accepte
O948,D848,26442,45 jours,Accepte
O949,D849,33030,45 jours,Accepte
O950,D850,65095,40 jours,Accepte
O951,D851,20578,45 jours,Accepte
O952,D852,14583,30 jours,Accepte
O953,D853,55772,15 jours,Accepte
O954,D854,57518,40 jours,Refuse
O955,D855,67558,35 jours,En attente
O956,D856,43083,30 jours,Accepte
O957,D857,71958,30 jours,Refuse
O958,D858,74201,45 jours,Accepte
O959,D859,26117,45 jours,Accepte
O960,D860,32389,20 jours,En attente
O961,D861,49289,30 jours,Accepte
O962,D862,55340,20 jours,Accepte
O963,D863,10134,40 jours,Accepte
O964,D864,69077,15 jours,Accepte
O965,D865,37077,40 jours,Accepte
O966,D866,56091,35 jours,Refuse
O967,D867,45266,15 jours,Refuse
O968,D868,52539,45 jours,Refuse
O969,D869,12028,45 jours,Accepte
O970,D870,18088,30 jours,Accepte
O971,D871,34666,40 jours,En attente
O972,D872,21612,45 jours,Accepte
O973,D873,18176,35 jours,En attente
O974,D874,22647,35 jours,Accepte
O975,D875,58702,15 jours,Accepte
O976,D876,54600,45 jours,Refuse
O977,D877,15896,40 jours,Accepte
O978,D878,62980,45 jours,Accepte
O979,D879,74233,35 jours,Accepte
O980,D880,12411,30 jours,En attente
O981,D881,56140,45 jours,Accepte
O982,D882,10467,20 jours,Accepte
O983,D883,51840,35 jours,En attente
O984,D884,28176,40 jours,Accepte
O985,D885,21172,40 jours,Accepte
O986,D886,58418,40 jours,Accepte
O987,D887,49516,40 jours,Accepte
O988,D888,48545,20 jours,Accepte
O989,D889,18351,30 jours,Accepte
O990,D890,66064,20 jours,En attente
O991,D891,57769,30 jours,Refuse
O992,D892,54432,15 jours,Accepte
O993,D893,55415,45 jours,En attente
O994,D894,26575,45 jours,Accepte
O995,D895,39748,15 jours,Accepte
O996,D896,52006,45 jours,En attente
O997,D897,13398,30 jours,En attente
O998,D898,36665,30 jours,Accepte
O999,D899,43966,35 jours,Accepte
O1000,D900,43898,15 jours,Accepte
O1001,D901,24715,15 jours,Refuse
O1002,D902,37529,40 jours,Accepte
O1003,D903,10338,35 jours,Accepte
O1004,D904,15361,40 jours,Accepte
O1005,D905,74897,45 jours,Refuse
O1006,D906,55190,35 jours,Accepte
O1007,D907,70096,20 jours,En attente
O1008,D908,31576,30 jours,Accepte
O1009,D909,50979,15 jours,Accepte
O1010,D910,38308,15 jours,Accepte
O1011,D911,51045,30 jours,Accepte
O1012,D912,26197,15 jours,Refuse
O1013,D913,72836,30 jours,Accepte
O1014,D914,63846,30 jours,Refuse
O1015,D915,25515,15 jours,Accepte
O1016,D916,50603,35 jours,Refuse
O1017,D917,50982,35 jours,Refuse
O1018,D918,15605,15 jours,Accepte
O1019,D919,34732,30 jours,En attente
O1020,D920,55440,15 jours,Refuse
O1021,D921,14063,35 jours,Refuse
O1022,D922,50025,45 jours,Accepte
O1023,D923,16673,45 jours,Accepte
O1024,D924,13421,30 jours,Accepte
O1025,D925,36324,15 jours,Refuse
O1026,D926,36942,20 jours,Accepte
O1027,D927,61607,45 jours,Refuse
O1028,D928,39714,35 jours,Accepte
O1029,D929,38056,40 jours,Accepte
O1030,D930,32257,45 jours,Accepte
O1031,D931,61310,15 jours,En attente
O1032,D932,31508,40 jours,Accepte
O1033,D933,16729,15 jours,Accepte
O1034,D934,14426,40 jours,Accepte
O1035,D935,22688,40 jours,Refuse
O1036,D936,43351,30 jours,Accepte
O1037,D937,41548,45 jours,Accepte
O1038,D938,22184,20 jours,Accepte
O1039,D939,12888,15 jours,Accepte
O1040,D940,48307,35 jours,Accepte
O1041,D941,52710,30 jours,Accepte
O1042,D942,68013,40 jours,Accepte
O1043,D943,19660,35 jours,Refuse
O1044,D944,32472,30 jours,Accepte
O1045,D945,10529,40 jours,Accepte
O1046,D946,54453,20 jours,Accepte
O1047,D947,43233,40 jours,Accepte
O1048,D948,37660,30 jours,Refuse
O1049,D949,23131,45 jours,Accepte
O1050,D950,61463,15 jours,En attente
O1051,D951,53768,35 jours,Accepte
O1052,D952,74351,35 jours,Accepte
O1053,D953,31701,40 jours,Accepte
O1054,D954,31997,40 jours,Accepte
O1055,D955,31536,20 jours,Accepte
O1056,D956,67416,15 jours,Accepte
O1057,D957,70290,15 jours,Accepte
O1058,D958,55430,20 jours,Accepte
O1059,D959,23968,20 jours,Accepte
O1060,D960,60354,30 jours,Accepte
O1061,D961,34635,20 jours,Refuse
O1062,D962,64138,15 jours,Accepte
O1063,D963,14832,30 jours,Accepte
O1064,D964,17549,20 jours,Accepte
O1065,D965,22740,45 jours,Accepte
O1066,D966,60169,30 jours,Accepte
O1067,D967,11945,20 jours,Accepte
O1068,D968,21412,20 jours,Accepte
O1069,D969,57109,20 jours,Refuse
O1070,D970,46340,20 jours,Accepte
O1071,D971,11408,20 jours,Accepte
O1072,D972,69680,15 jours,Refuse
O1073,D973,54397,20 jours,Accepte
O1074,D974,61603,15 jours,Accepte
O1075,D975,23778,30 jours,Accepte
O1076,D976,34224,30 jours,Accepte
O1077,D977,71679,40 jours,Accepte
O1078,D978,50842,35 jours,En attente
O1079,D979,14284,15 jours,Refuse
O1080,D980,70565,20 jours,Accepte
O1081,D981,22562,40 jours,Refuse
O1082,D982,34527,30 jours,Accepte
O1083,D983,74027,45 jours,Accepte
O1084,D984,13027,40 jours,Accepte
O1085,D985,65996,40 jours,Accepte
O1086,D986,19736,30 jours,Accepte
O1087,D987,51252,30 jours,Accepte
O1088,D988,65804,40 jours,Refuse
O1089,D989,68054,35 jours,En attente
O1090,D990,15335,35 jours,Accepte
O1091,D991,50297,15 jours,Refuse
O1092,D992,35435,45 jours,Accepte
O1093,D993,34527,35 jours,Refuse
O1094,D994,21730,30 jours,Accepte
O1095,D995,44437,45 jours,Accepte
O1096,D996,72636,35 jours,Accepte
O1097,D997,48088,35 jours,Accepte
O1098,D998,61814,40 jours,Accepte
O1099,D999,23579,20 jours,Accepte
O1100,D1000,39627,20 jours,Refuse
O1101,D1001,30053,35 jours,Accepte
O1102,D1002,47445,20 jours,Refuse
O1103,D1003,34517,30 jours,En attente
O1104,D1004,18803,15 jours,Accepte
O1105,D1005,44001,30 jours,Accepte
O1106,D1006,12696,35 jours,Accepte
O1107,D1007,32044,35 jours,Accepte
O1108,D1008,38344,35 jours,Accepte
O1109,D1009,42606,30 jours,Accepte
O1110,D1010,11619,20 jours,Accepte
O1111,D1011,27407,45 jours,Accepte
O1112,D1012,69079,15 jours,Accepte
O1113,D1013,42883,40 jours,Accepte
O1114,D1014,15122,30 jours,Accepte
O1115,D1015,16449,15 jours,En attente
O1116,D1016,12508,40 jours,Accepte
O1117,D1017,22887,45 jours,Accepte
O1118,D1018,29838,45 jours,Accepte
O1119,D1019,54796,30 jours,Refuse
O1120,D1020,49585,20 jours,Accepte
O1121,D1021,59308,45 jours,En attente
O1122,D1022,69793,30 jours,Accepte
O1123,D1023,29626,30 jours,Accepte
O1124,D1024,61323,35 jours,Refuse
O1125,D1025,63861,40 jours,En attente
O1126,D1026,10779,35 jours,Refuse
O1127,D1027,74833,20 jours,Accepte
O1128,D1028,24914,20 jours,Refuse
O1129,D1029,23754,35 jours,Accepte
O1130,D1030,48469,40 jours,Accepte
O1131,D1031,57350,35 jours,Refuse
O1132,D1032,15627,30 jours,Accepte
O1133,D1033,38101,45 jours,Refuse
O1134,D1034,38749,35 jours,Accepte
O1135,D1035,11972,30 jours,Refuse
O1136,D1036,67262,20 jours,Accepte
O1137,D1037,58352,15 jours,Accepte
O1138,D1038,53178,30 jours,Accepte
O1139,D1039,37469,35 jours,Accepte
O1140,D1040,36435,45 jours,Accepte
O1141,D1041,31369,40 jours,Accepte
O1142,D1042,61469,15 jours,Accepte
O1143,D1043,20072,30 jours,En attente
O1144,D1044,62372,40 jours,Accepte
O1145,D1045,47609,35 jours,En attente
O1146,D1046,23382,35 jours,En attente
O1147,D1047,35325,20 jours,Accepte
O1148,D1048,31550,40 jours,Accepte
O1149,D1049,51877,30 jours,En attente
O1150,D1050,16836,45 jours,Accepte
O1151,D1051,12101,45 jours,Accepte
O1152,D1052,11758,20 jours,Accepte
O1153,D1053,69725,35 jours,Accepte
O1154,D1054,25272,30 jours,Accepte
O1155,D1055,14586,35 jours,Accepte
O1156,D1056,43982,15 jours,Accepte
O1157,D1057,66341,35 jours,Accepte
O1158,D1058,74854,15 jours,Accepte
O1159,D1059,37421,35 jours,Accepte
O1160,D1060,35493,20 jours,Accepte
O1161,D1061,23479,30 jours,Accepte
O1162,D1062,56509,45 jours,Accepte
O1163,D1063,49564,40 jours,Accepte
O1164,D1064,48501,20 jours,En attente
O1165,D1065,54881,35 jours,Accepte
O1166,D1066,10487,20 jours,Accepte
O1167,D1067,64039,35 jours,Accepte
O1168,D1068,26176,40 jours,Accepte
O1169,D1069,47304,35 jours,Accepte
O1170,D1070,47757,15 jours,Accepte
O1171,D1071,28868,45 jours,Accepte
O1172,D1072,39904,30 jours,Refuse
O1173,D1073,56638,30 jours,Accepte
O1174,D1074,63964,20 jours,Accepte
O1175,D1075,21768,40 jours,Accepte
O1176,D1076,40004,35 jours,Accepte
O1177,D1077,22022,45 jours,En attente
O1178,D1078,35791,45 jours,Accepte
O1179,D1079,25708,20 jours,En attente
O1180,D1080,51162,40 jours,Accepte
O1181,D1081,70050,15 jours,Accepte
O1182,D1082,57343,20 jours,Accepte
O1183,D1083,36953,40 jours,En attente
O1184,D1084,34165,15 jours,Accepte
O1185,D1085,43056,30 jours,Refuse
O1186,D1086,20802,30 jours,Accepte
O1187,D1087,12925,35 jours,Accepte
O1188,D1088,51868,45 jours,Accepte
O1189,D1089,40271,35 jours,Accepte
O1190,D1090,36171,20 jours,Accepte
O1191,D1091,10703,30 jours,Accepte
O1192,D1092,70105,20 jours,Accepte
O1193,D1093,59065,35 jours,Accepte
O1194,D1094,14471,15 jours,Accepte
O1195,D1095,25878,45 jours,Accepte
O1196,D1096,19191,35 jours,En attente
O1197,D1097,65152,20 jours,Refuse
O1198,D1098,11183,40 jours,Accepte
O1199,D1099,29277,15 jours,Accepte
O1200,D1100,35614,20 jours,Accepte
